AF;Afghanistan;y
EG;Ägypten;
AL;Albanien;
DZ;Algerien;y
AD;Andorra;
AO;Angola;
AI;Anguilla;
AQ;Antarktis;
AG;Antigua und Barbuda;
GQ;Äquatorial Guinea;
AR;Argentinien;
AM;Armenien;y
AW;Aruba;
AZ;Aserbaidschan;y
ET;Äthiopien;
AU;Australien;
BS;Bahamas;
BH;Bahrain;
BD;Bangladesh;
BB;Barbados;
BE;Belgien;
BZ;Belize;
BJ;Benin;
BM;Bermudas;
BT;Bhutan;
MM;Birma;
BO;Bolivien;
BA;Bosnien-Herzegowina;
BW;Botswana;
BV;Bouvet Inseln;
BR;Brasilien;
IO;Britisch-Indischer Ozean;
BN;Brunei;
BG;Bulgarien;
BF;Burkina Faso;
BI;Burundi;
CL;Chile;
CN;China;y
CX;Christmas Island;
CK;Cook Inseln;
CR;Costa Rica;
DK;Dänemark;
DE;Deutschland;
DJ;Djibuti;
DM;Dominika;
DO;Dominikanische Republik;
EC;Ecuador;
SV;El Salvador;
CI;Elfenbeinküste;
ER;Eritrea;
EE;Estland;
FK;Falkland Inseln;
FO;Färöer Inseln;
FJ;Fidschi;
FI;Finnland;
FR;Frankreich;
GF;französisch Guyana;
PF;Französisch Polynesien;
TF;Französisches Süd-Territorium;
GA;Gabun;
GM;Gambia;
GE;Georgien;y
GH;Ghana;
GI;Gibraltar;
GD;Grenada;
GR;Griechenland;
GL;Grönland;
UK;Großbritannien;
GB;Großbritannien (UK);
GP;Guadeloupe;
GU;Guam;
GT;Guatemala;
GN;Guinea;
GW;Guinea Bissau;
GY;Guyana;
HT;Haiti;
HM;Heard und McDonald Islands;
HN;Honduras;
HK;Hong Kong;
IN;Indien;
ID;Indonesien;
IQ;Irak;y
IR;Iran;y
IE;Irland;
IS;Island;
IL;Israel;
IT;Italien;
JM;Jamaika;
JP;Japan;
YE;Jemen;
JO;Jordanien;
YU;Jugoslawien;
KY;Kaiman Inseln;
KH;Kambodscha;
CM;Kamerun;
CA;Kanada;
CV;Kap Verde;
KZ;Kasachstan;y
KE;Kenia;
KG;Kirgisistan;y
KI;Kiribati;
CC;Kokosinseln;
CO;Kolumbien;
KM;Komoren;
CG;Kongo;
CD;Kongo, Demokratische Republik;
HR;Kroatien;
CU;Kuba;y
KW;Kuwait;
LA;Laos;y
LS;Lesotho;
LV;Lettland;
LB;Libanon;y
LR;Liberia;
LY;Libyen;y
LI;Liechtenstein;
LT;Litauen;
LU;Luxemburg;
MO;Macao;
MG;Madagaskar;
MW;Malawi;
MY;Malaysia;
MV;Malediven;
ML;Mali;
MT;Malta;
MP;Marianen;
MA;Marokko;
MH;Marshall Inseln;
MQ;Martinique;
MR;Mauretanien;
MU;Mauritius;
YT;Mayotte;
MK;Mazedonien;
MX;Mexiko;
FM;Mikronesien;
MZ;Mocambique;
MD;Moldau / Moldavien;y
MC;Monaco;
MN;Mongolei;
MS;Montserrat;
NA;Namibia;
NR;Nauru;
NP;Nepal;
NC;Neukaledonien;
NZ;Neuseeland;
NI;Nicaragua;
NL;Niederlande;
AN;Niederländische Antillen;
NE;Niger;
NG;Nigeria;
NU;Niue;
KP;Nord Korea;
NF;Norfolk Inseln;
NO;Norwegen;
OM;Oman;
AT;Österreich;
PK;Pakistan;y
PS;Palästina;
PW;Palau;
PA;Panama;
PG;Papua Neuguinea;
PY;Paraguay;
PE;Peru;
PH;Philippinen;
PN;Pitcairn;
PL;Polen;
PT;Portugal;
PR;Puerto Rico;
QA;Qatar;
RE;Reunion;
RW;Ruanda;
RO;Rumänien;
RU;Russland;y
LC;Saint Lucia;
ZM;Sambia;
AS;Samoa;
WS;Samoa;
SM;San Marino;
ST;Sao Tome;
SA;Saudi Arabien;
SE;Schweden;
CH;Schweiz;
SN;Senegal;
SC;Seychellen;
SL;Sierra Leone;
SG;Singapur;
SK;Slowakei -slowakische Republik-;
SI;Slowenien;
SB;Solomon Inseln;
SO;Somalia;
GS;South Georgia, South Sandwich Isl.;
ES;Spanien;
LK;Sri Lanka;
SH;St. Helena;
KN;St. Kitts Nevis Anguilla;
PM;St. Pierre und Miquelon;
VC;St. Vincent;
KR;Süd Korea;
ZA;Südafrika;
SD;Sudan;y
SR;Surinam;
SJ;Svalbard und Jan Mayen Islands;
SZ;Swasiland;
SY;Syrien;y
TJ;Tadschikistan;y
TW;Taiwan;
TZ;Tansania;
TH;Thailand;
TP;Timor;
TG;Togo;
TK;Tokelau;
TO;Tonga;
TT;Trinidad Tobago;
TD;Tschad;
CZ;Tschechische Republik;
TN;Tunesien;
TR;Türkei;
TM;Turkmenistan;y
TC;Turks und Kaikos Inseln;
TV;Tuvalu;
UG;Uganda;
UA;Ukraine;y
HU;Ungarn;
UY;Uruguay;
UZ;Usbekistan;y
VU;Vanuatu;
VA;Vatikan;
VE;Venezuela;
AE;Vereinigte Arabische Emirate;
US;Vereinigte Staaten von Amerika;
VN;Vietnam;y
VG;Virgin Island (Brit.);
VI;Virgin Island (USA);
WF;Wallis et Futuna;
BY;Weissrussland;y
EH;Westsahara;
CF;Zentralafrikanische Republik;
ZW;Zimbabwe;
CY;Zypern;